<?xml version="1.0" encoding="UTF-8"?>

<!DOCTYPE mapper PUBLIC "-//mybatis.org//DTD Mapper 3.0//EN" "http://mybatis.org/dtd/mybatis-3-mapper.dtd">

<mapper namespace="com.ssafy.model.dao.FoodDAO">

	<select id="search" parameterType="string" resultType="food">
		select * from food where code = #{code}
	</select>
	<select id="searchAll" resultType="food">
		select * from food
	</select>
	<select id="searchAllName" parameterType="string" resultType="food">
		select * from food where name like concat('%',#{name},'%');
	</select>
	<select id="searchAllMaker" parameterType="string" resultType="food">
		select * from food where maker like concat('%',#{maker},'%');
	</select>
	<select id="searchAllMaterial" parameterType="string" resultType="food">
		select * from food where material like concat('%',#{material},'%');
	</select>
</mapper>