<?xml version="1.0" encoding="UTF-8"?>

<!DOCTYPE mapper PUBLIC "-//mybatis.org//DTD Mapper 3.0//EN" "http://mybatis.org/dtd/mybatis-3-mapper.dtd">

<mapper namespace="com.ssafy.model.dao.MyDietDAO">
	<select id="search" parameterType="integer" resultType="mydiet">
		select * from mydiet where dno=#{dno}
	</select>
	<select id="searchAll" resultType="mydiet">
		select * from mydiet
	</select>

	<delete id="delete" parameterType="integer">
		delete from mydiet where dno = #{dno}
	</delete>
	
	<insert id="insert" parameterType="mydiet" useGeneratedKeys="true" keyProperty="dno">
		insert into mydiet(regdate, amount, code, id) 
		values(	now(),
				#{amount:INTEGER},
				#{code:VARCHAR},
	  		    #{id:VARCHAR} )
	</insert>
</mapper>