<?xml version="1.0" encoding="UTF-8" ?>

<!DOCTYPE mapper PUBLIC "-//mybatis.org//DTD Mapper 3.0//EN" 
	"http://mybatis.org/dtd/mybatis-3-mapper.dtd"> 
	
<mapper namespace="com.ssafy.model.dao.BoardDAO">

	<select id="search" parameterType="string" resultType="board">
		select * from faq where no = #{no}
	</select>
	
	<select id="searchAll" resultType="board">
		select * from faq	
	</select>
	<insert id="insert" parameterType="board">
		insert into faq(id,title,contents,regdate)
		values(
			#{id:VARCHAR},
			#{title:VARCHAR},
			#{contents:VARCHAR},
			curdate()
		)
	</insert>
	
	<update id="update" parameterType="board">
		update faq set 
			title= #{title:VARCHAR},
			contents = #{contents:VARCHAR},
			regdate = curdate()
		where no = #{no:INTEGER} 
	</update>
	<update id="reply" parameterType="board">
		update faq set
			reply = #{reply:VARCHAR} 
		where no = #{no:INTEGER} 
	</update>
	
	<delete id="delete" parameterType="string">
		delete from faq where no=#{no}
	</delete>
	
	
</mapper>






