<?xml version="1.0" encoding="UTF-8"?>

<!DOCTYPE mapper PUBLIC "-//mybatis.org//DTD Mapper 3.0//EN" "http://mybatis.org/dtd/mybatis-3-mapper.dtd">

<mapper namespace="com.ssafy.model.dao.MyDietDAO">
	<resultMap type="food" id="foodMap">
		<id column="code" property="code"/>
		<result column="name" property="name"/>
		<result column="supportpereat" property="supportpereat"/>
		<result column="calory" property="calory"/>
		<result column="carbo" property="carbo"/>
		<result column="protetin" property="protetin"/>
		<result column="fat" property="fat"/>
		<result column="sugar" property="sugar"/>
		<result column="natrium" property="natrium"/>
		<result column="chole" property="chole"/>
		<result column="fattyacid" property="fattyacid"/>
		<result column="transfat" property="transfat"/>
		<result column="maker" property="maker"/>
		<result column="material" property="material"/>
		<result column="img" property="img"/>
	</resultMap>
	<resultMap type="mydiet" id="mydietMap">
		<id column="dno" property="dno"/>
		<result column="regdate" property="regdate"/>
		<result column="amount" property="amount"/>
		<result column="code" property="code"/>
		<result column="id" property="id"/>
		<association property="food" resultMap="foodMap"></association>
	</resultMap>

	<select id="search" parameterType="String" resultMap="mydietMap">
		select * 
		from food, mydiet
		where food.code = mydiet.code and mydiet.id=#{id}
	</select>
	
	<select id="total" parameterType="String" resultType="totaldiet">
		select food.name as name, sum(mydiet.amount) as amount
		from food,mydiet
		where food.code = mydiet.code and mydiet.id =#{id}
		group by food.name;
	</select>
	
	<select id="searchAll" resultType="mydiet">
		select * from mydiet
	</select>

	<select id="week" parameterType="String" resultMap="mydietMap">
		select * 
		from food, 
		( select * from mydiet
		where date(regdate) between subdate(curdate(),date_format(curdate(),'%w')-1)
		and subdate(curdate(),date_format(curdate(),'%w')-7) ) as mydiet
		where food.code = mydiet.code and mydiet.id=#{id};
	</select>
	
	<select id="month" parameterType="string" resultMap="mydietMap">
		select * 
		from food, 
		( select * from mydiet
		where year(regdate) like year(curdate()) 
		and month(regdate) like month(curdate())) as mydiet
		where food.code = mydiet.code and mydiet.id=#{id};
	</select>
	
	<select id="year" parameterType="string" resultMap="mydietMap">
		select * 
		from food, 
		( select * from mydiet
		where year(regdate) like year(curdate())) as mydiet
		where food.code = mydiet.code and mydiet.id=#{id};
	</select>

	<delete id="delete" parameterType="integer">
		delete from mydiet where dno = #{dno}
	</delete>
	
	<insert id="insert" parameterType="mydiet" useGeneratedKeys="true" keyProperty="dno">
		insert into mydiet(regdate, amount, code, id) 
		values(	curdate(),
				#{amount:INTEGER},
				#{code:VARCHAR},
	  		    #{id:VARCHAR} )
	</insert>
	
	
</mapper>